{"cameraMode":{"drawMode":0,"name":"Shaded","section":"Shading Mode"},"sceneLighting":true,"audioPlay":false,"sceneViewState":{"m_AlwaysRefresh":false,"showFog":true,"showSkybox":false,"showFlares":true,"showImageEffects":true,"showParticleSystems":true,"showVisualEffectGraphs":true,"m_FxEnabled":true},"in2DMode":false,"pivot":{"x":-0.8329759836196899,"y":-5.987249851226807,"z":-0.2587496042251587},"rotation":{"x":0.02019524574279785,"y":-0.9736419320106506,"z":0.20631957054138184,"w":0.0955512598156929},"size":1.1131701469421387,"orthographic":false}