{"cameraMode":{"drawMode":0,"name":"Shaded","section":"Shading Mode"},"sceneLighting":true,"audioPlay":false,"sceneViewState":{"m_AlwaysRefresh":false,"showFog":true,"showSkybox":true,"showFlares":true,"showImageEffects":true,"showParticleSystems":true,"showVisualEffectGraphs":true,"m_FxEnabled":true},"in2DMode":false,"pivot":{"x":572.9234619140625,"y":322.3340148925781,"z":-470.3022155761719},"rotation":{"x":0.043437812477350238,"y":-0.3714469373226166,"z":0.01739892177283764,"w":0.9272768497467041},"size":0.2528780400753021,"orthographic":false}